group,function,value,throughput_num,throughput_type,sample_measured_value,unit,iteration_count
vecmul,fst,0.07,,,1051367.0,ns,3
vecmul,fst,0.07,,,2099816.0,ns,6
vecmul,fst,0.07,,,3169532.0,ns,9
vecmul,fst,0.07,,,4205969.0,ns,12
vecmul,fst,0.07,,,5228973.0,ns,15
vecmul,fst,0.07,,,6275229.0,ns,18
vecmul,fst,0.07,,,7318477.0,ns,21
vecmul,fst,0.07,,,8383374.0,ns,24
vecmul,fst,0.07,,,9418207.0,ns,27
vecmul,fst,0.07,,,10474779.0,ns,30
vecmul,fst,0.07,,,11531855.0,ns,33
vecmul,fst,0.07,,,12579189.0,ns,36
vecmul,fst,0.07,,,13627714.0,ns,39
vecmul,fst,0.07,,,14644675.0,ns,42
vecmul,fst,0.07,,,15685891.0,ns,45
vecmul,fst,0.07,,,16729854.0,ns,48
vecmul,fst,0.07,,,17845753.0,ns,51
vecmul,fst,0.07,,,18906145.0,ns,54
vecmul,fst,0.07,,,19870793.0,ns,57
vecmul,fst,0.07,,,20917773.0,ns,60
vecmul,fst,0.07,,,21971472.0,ns,63
vecmul,fst,0.07,,,23007568.0,ns,66
vecmul,fst,0.07,,,24058964.0,ns,69
vecmul,fst,0.07,,,25106083.0,ns,72
vecmul,fst,0.07,,,26142569.0,ns,75
vecmul,fst,0.07,,,27191739.0,ns,78
vecmul,fst,0.07,,,28274527.0,ns,81
vecmul,fst,0.07,,,29297417.0,ns,84
vecmul,fst,0.07,,,30329683.0,ns,87
vecmul,fst,0.07,,,31373499.0,ns,90
vecmul,fst,0.07,,,32498022.0,ns,93
vecmul,fst,0.07,,,33467491.0,ns,96
vecmul,fst,0.07,,,34514874.0,ns,99
vecmul,fst,0.07,,,35598395.0,ns,102
vecmul,fst,0.07,,,36624565.0,ns,105
vecmul,fst,0.07,,,37662011.0,ns,108
vecmul,fst,0.07,,,38721397.0,ns,111
vecmul,fst,0.07,,,39770571.0,ns,114
vecmul,fst,0.07,,,40783827.0,ns,117
vecmul,fst,0.07,,,41844351.0,ns,120
vecmul,fst,0.07,,,42917955.0,ns,123
vecmul,fst,0.07,,,43926321.0,ns,126
vecmul,fst,0.07,,,44974116.0,ns,129
vecmul,fst,0.07,,,46067111.0,ns,132
vecmul,fst,0.07,,,47055870.0,ns,135
vecmul,fst,0.07,,,48101821.0,ns,138
vecmul,fst,0.07,,,49152635.0,ns,141
vecmul,fst,0.07,,,50204017.0,ns,144
vecmul,fst,0.07,,,51274690.0,ns,147
vecmul,fst,0.07,,,52292350.0,ns,150
vecmul,fst,0.07,,,53357843.0,ns,153
vecmul,fst,0.07,,,54384103.0,ns,156
vecmul,fst,0.07,,,55504622.0,ns,159
vecmul,fst,0.07,,,56488720.0,ns,162
vecmul,fst,0.07,,,57546591.0,ns,165
vecmul,fst,0.07,,,58605762.0,ns,168
vecmul,fst,0.07,,,59642487.0,ns,171
vecmul,fst,0.07,,,60656657.0,ns,174
vecmul,fst,0.07,,,61724486.0,ns,177
vecmul,fst,0.07,,,62755560.0,ns,180
vecmul,fst,0.07,,,63795756.0,ns,183
vecmul,fst,0.07,,,64858112.0,ns,186
vecmul,fst,0.07,,,65894875.0,ns,189
vecmul,fst,0.07,,,66993016.0,ns,192
vecmul,fst,0.07,,,68055403.0,ns,195
vecmul,fst,0.07,,,69076392.0,ns,198
vecmul,fst,0.07,,,70072124.0,ns,201
vecmul,fst,0.07,,,71125708.0,ns,204
vecmul,fst,0.07,,,72231302.0,ns,207
vecmul,fst,0.07,,,73218406.0,ns,210
vecmul,fst,0.07,,,74313118.0,ns,213
vecmul,fst,0.07,,,75307519.0,ns,216
vecmul,fst,0.07,,,76355915.0,ns,219
vecmul,fst,0.07,,,77410793.0,ns,222
vecmul,fst,0.07,,,78460233.0,ns,225
vecmul,fst,0.07,,,79484991.0,ns,228
vecmul,fst,0.07,,,80528834.0,ns,231
vecmul,fst,0.07,,,81619855.0,ns,234
vecmul,fst,0.07,,,82658035.0,ns,237
vecmul,fst,0.07,,,83668551.0,ns,240
vecmul,fst,0.07,,,84705212.0,ns,243
vecmul,fst,0.07,,,85828283.0,ns,246
vecmul,fst,0.07,,,86857178.0,ns,249
vecmul,fst,0.07,,,87843789.0,ns,252
vecmul,fst,0.07,,,89005346.0,ns,255
vecmul,fst,0.07,,,89965626.0,ns,258
vecmul,fst,0.07,,,90980280.0,ns,261
vecmul,fst,0.07,,,92045175.0,ns,264
vecmul,fst,0.07,,,93108145.0,ns,267
vecmul,fst,0.07,,,94280865.0,ns,270
vecmul,fst,0.07,,,95168943.0,ns,273
vecmul,fst,0.07,,,96213024.0,ns,276
vecmul,fst,0.07,,,97354405.0,ns,279
vecmul,fst,0.07,,,98335645.0,ns,282
vecmul,fst,0.07,,,99393462.0,ns,285
vecmul,fst,0.07,,,100428565.0,ns,288
vecmul,fst,0.07,,,101462050.0,ns,291
vecmul,fst,0.07,,,102484182.0,ns,294
vecmul,fst,0.07,,,103541279.0,ns,297
vecmul,fst,0.07,,,104629854.0,ns,300
